block,chroms,mean_length,std_length,parallel_rear_score,number_of_inconsistent_colors,number_of_parallel_events,tree_consistent
1250,1,1221.6666666666667,6.420453428086074,0.013839388,1,5,False
1217,1;2,1225.1666666666667,0.4714045207910316,0.010282782300000003,2,6,False
1237,1;2,1167.7058823529412,2.87514103761175,0.0071532423,4,9,False
635,1,1446.7307692307693,0.4435600997950307,0.006463655800000001,1,3,False
1236,1;2,1542.475,0.7741931283601012,0.0063483205999999995,1,3,False
1213,2,1021.0,2.1213203435596424,0.0016906580999999999,2,6,False
1249,1,1218.0,0.0,0.0016807404000000001,2,7,False
1200,2,2882.12,121.46153959175719,0.0015239507999999999,1,4,False
1210,2,4120.96,69.82004296761784,0.0015239507999999999,1,4,False
1195,2,2843.0,39.23060030129542,0.0015239507999999999,1,4,False
1197,2,1818.8,38.19842928707933,0.0015239507999999999,1,4,False
1205,2,6480.88,30.228886846855602,0.0015239507999999999,1,4,False
1203,2,3035.84,20.602291134725768,0.0015239507999999999,1,4,False
1190,2,5416.36,20.167062255073247,0.0015239507999999999,1,4,False
1207,2,2930.0,18.624714762916504,0.0015239507999999999,1,4,False
1212,2,1952.16,18.600387092746214,0.0015239507999999999,1,4,False
1194,2,2582.04,17.028164904064088,0.0015239507999999999,1,4,False
1193,2,7981.88,16.21929714876696,0.0015239507999999999,1,4,False
1202,2,2865.24,14.975393150097931,0.0015239507999999999,1,4,False
1204,2,6748.0,14.770240350109406,0.0015239507999999999,1,4,False
1199,2,1884.44,14.263463814936397,0.0015239507999999999,1,4,False
1191,2,6725.24,11.193855457348018,0.0015239507999999999,1,4,False
1206,2,2980.08,6.7345081483357045,0.0015239507999999999,1,4,False
1198,2,2054.72,3.527265229607776,0.0015239507999999999,1,4,False
1196,2,2595.72,3.268271714530479,0.0015239507999999999,1,4,False
1201,2,1522.68,1.9538679586911702,0.0015239507999999999,1,4,False
1208,2,1887.64,1.763632614803888,0.0015239507999999999,1,4,False
1192,2,6992.12,0.43081318457076034,0.0015239507999999999,1,4,False
1209,2,1209.92,0.39191835884530846,0.0015239507999999999,1,4,False
1234,1,1572.8666666666666,11.312922797501194,0.0015149571,1,4,False
282,2,3362.185185185185,31.66027659156811,0.0014950920000000002,1,4,False
285,2,10079.888888888889,22.98845657721434,0.0014950920000000002,1,4,False
284,2,3176.5925925925926,16.707193525565142,0.0014950920000000002,1,4,False
286,2,8879.185185185184,12.742570927979774,0.0014950920000000002,1,4,False
283,2,1863.8214285714287,9.658651086788804,0.0014950920000000002,1,4,False
877,1,3321.269230769231,15.858891445174297,0.0014559396999999999,1,4,False
876,1,5821.846153846154,6.700702073963867,0.0014559396999999999,1,4,False
878,1,1036.1153846153845,4.423076923076923,0.0014559396999999999,1,4,False
879,1,1395.96,5.436763743257564,0.0014449435,1,4,False
288,1;2,1223.8,4.621688003316537,0.0014120259,1,4,False
1260,1;2,1214.952380952381,8.115101680413296,0.0013764248999999999,1,4,False
725,1,1551.5,9.596674103362782,0.0013171872,1,4,False
1160,2,9532.75,41.18965282689331,0.0012031148,2,6,False
1158,2,5666.85,8.810646968299206,0.0012031148,2,6,False
1159,2,3076.4,5.24785670536077,0.0012031148,2,6,False
1162,2,4067.85,3.213642792844283,0.0012031148,2,6,False
1161,2,1193.0,0.0,0.0012031148,2,6,False
195,2,7792.307692307692,13.18148243901045,0.0011899236999999999,1,4,False
197,2,3062.4615384615386,2.3076923076923075,0.0011899236999999999,1,4,False
198,2,5633.538461538462,1.1842157167954348,0.0011899236999999999,1,4,False
196,2,3117.730769230769,0.5231334811052093,0.0011899236999999999,1,4,False
849,1;2,1228.25,5.947688626685159,0.0011463183000000002,4,10,False
861,1,1215.3333333333333,4.714045207910316,0.0010969383,1,4,False
1256,1,1214.3333333333333,8.259674462242577,0.0010351692,1,3,False
402,2,1060.983606557377,0.12698306053139075,0.0009961438,2,5,False
122,1;2,1024.6296296296296,9.911266122908923,0.0009621665,2,5,False
176,1;2,1579.4886363636363,5.9141477488342575,0.0009239332,4,9,False
1211,2,5402.888888888889,0.4581228472908512,0.0009130604,2,5,False
251,2,4621.0,12.503332889007368,0.0008829379000000001,1,4,False
250,2,3000.375,2.0168560517134915,0.0008829379000000001,1,4,False
249,2,1160.0416666666667,0.1998263134713633,0.0008829379000000001,1,4,False
308,1;2,1229.5806451612902,7.962712269104107,0.0008750202,1,4,False
1275,1,1224.8,0.4,0.0008188588000000001,1,3,False
319,1;2,1222.9411764705883,5.296731380936673,0.0008070584000000001,1,3,False
915,1,8897.25,19.122957407263137,0.0007991304,1,3,False
916,1,1641.0714285714287,0.4573660169594892,0.0007991304,1,3,False
1318,1,1234.0,5.338539126015656,0.0007931699999999999,1,3,False
1298,1;2,1230.6666666666667,8.537498983243799,0.0007895996,1,3,False
245,1;2,1236.8152173913043,1.601150047459685,0.0007550553,1,4,False
450,2,8326.833333333334,3.3870669054835956,0.0007490521999999999,1,3,False
130,2,1332.6896551724137,32.45591540395495,0.0007409070000000001,1,3,False
137,2,3660.5172413793102,20.14879253617631,0.0007409070000000001,1,3,False
135,2,4214.068965517241,15.924240975757158,0.0007409070000000001,1,3,False
140,2,2858.4137931034484,13.956872590552582,0.0007409070000000001,1,3,False
139,2,3139.0344827586205,12.11861707889457,0.0007409070000000001,1,3,False
133,2,4507.275862068966,6.797040693410007,0.0007409070000000001,1,3,False
141,2,4484.862068965517,4.493091539402536,0.0007409070000000001,1,3,False
132,2,1330.8275862068965,4.379174583831045,0.0007409070000000001,1,3,False
134,2,4655.137931034483,3.5595828691210873,0.0007409070000000001,1,3,False
131,2,3264.0344827586205,3.2534624380665034,0.0007409070000000001,1,3,False
136,2,2630.689655172414,0.9506240518682911,0.0007409070000000001,1,3,False
138,2,1710.0,0.0,0.0007409070000000001,1,3,False
248,2,1212.0714285714287,7.4686419277468366,0.0007359523,2,5,False
305,2,2640.8571428571427,33.59603961110626,0.0006877233,1,4,False
307,2,3861.4285714285716,6.3887656499993986,0.0006877233,1,4,False
306,2,1712.0,0.0,0.0006877233,1,4,False
142,1;2,1565.6206896551723,8.00609161655371,0.0006742438,3,7,False
451,2,1201.3684210526317,0.48237638894271995,0.000664954,1,3,False
1181,2,1237.888888888889,15.046430198834374,0.000654988,1,3,False
129,2,3830.3214285714284,82.05140095061866,0.0006460514,1,3,False
127,2,3983.1428571428573,14.7229516783303,0.0006460514,1,3,False
128,2,1964.0,0.0,0.0006460514,1,3,False
287,2,2711.0,0.0,0.000629329,1,3,False
865,1;2,1240.659090909091,0.5197543920922397,0.0006187691,2,5,False
1229,2,1232.75,3.307189138830738,0.0006062461,2,5,False
1042,1,5717.2,11.668761716651858,0.000585916,1,3,False
1041,1,3373.6666666666665,1.2472191289246473,0.000585916,1,3,False
996,1,1239.1025641025642,0.3033887068256213,0.000562471,2,5,False
1163,2,1227.5,0.5,0.0005566736,2,5,False
1187,2,1233.0,0.0,0.0005566736,2,5,False
650,1;2,1200.7176470588236,6.381244143316332,0.000554685,1,3,False
550,1,1575.0,0.0,0.0005260391,2,5,False
247,1;2,1173.155172413793,5.9792795210596354,0.0005252928000000001,3,6,False
569,1,1576.0,0.0,0.0005110494,2,5,False
1265,1;2,1240.5714285714287,0.49487165930539345,0.0005107185,2,5,False
299,2,4858.392857142857,13.88817401788372,0.0005045016000000001,1,3,False
293,2,8455.92857142857,5.1055192224309796,0.0005045016000000001,1,3,False
292,2,1045.75,4.947040962607272,0.0005045016000000001,1,3,False
294,2,1725.5,3.8031941462783245,0.0005045016000000001,1,3,False
296,2,3387.5,3.005946487500116,0.0005045016000000001,1,3,False
295,2,1464.5357142857142,2.783653083592838,0.0005045016000000001,1,3,False
291,2,7956.321428571428,1.6701918501557034,0.0005045016000000001,1,3,False
289,2,2221.8928571428573,1.263195655987671,0.0005045016000000001,1,3,False
290,2,1026.3214285714287,0.4670248868079293,0.0005045016000000001,1,3,False
298,2,1511.3214285714287,0.4670248868079293,0.0005045016000000001,1,3,False
297,2,1420.9642857142858,0.18557687223952257,0.0005045016000000001,1,3,False
300,2,3298.035714285714,0.18557687223952257,0.0005045016000000001,1,3,False
301,2,1515.0357142857142,0.18557687223952257,0.0005045016000000001,1,3,False
548,1,1226.1153846153845,8.427641896105582,0.0005012088,2,5,False
483,1,1213.0666666666666,2.719477073916152,0.0004993911999999999,1,3,False
309,2,9296.785714285714,71.00873042040935,0.0004876736,1,3,False
310,2,3850.214285714286,4.783581614358063,0.0004876736,1,3,False
311,1;2,2151.4761904761904,3.4680269440063096,0.0004876736,1,3,False
1248,1,9579.04,76.04182007290463,0.00048708,1,3,False
1247,1,1864.04,14.76341423926051,0.00048708,1,3,False
1238,1,4377.6,9.765244492586962,0.00048708,1,3,False
1242,1,2011.76,8.538290226971673,0.00048708,1,3,False
1243,1,2934.64,3.345205524328812,0.00048708,1,3,False
1245,1,1151.4,2.5298221281347035,0.00048708,1,3,False
1244,1,2143.0,2.1540659228538015,0.00048708,1,3,False
1246,1,3899.68,0.46647615158762407,0.00048708,1,3,False
1241,1,2706.0,0.0,0.00048708,1,3,False
264,2,4345.444444444444,52.47456762007268,0.0004802704,1,3,False
278,2,2665.074074074074,31.21837769045891,0.0004802704,1,3,False
266,2,5334.111111111111,31.139272968193307,0.0004802704,1,3,False
262,2,9580.962962962964,23.727592129373086,0.0004802704,1,3,False
260,2,1358.3333333333333,23.72527953236566,0.0004802704,1,3,False
267,2,8995.407407407407,22.878518566484633,0.0004802704,1,3,False
258,2,2056.962962962963,20.617291343238122,0.0004802704,1,3,False
279,2,7142.222222222223,18.15230489055057,0.0004802704,1,3,False
252,2,1689.4444444444443,15.60943051452084,0.0004802704,1,3,False
261,2,5840.37037037037,15.144117909942237,0.0004802704,1,3,False
274,2,2173.5925925925926,13.222481582682942,0.0004802704,1,3,False
273,2,3615.814814814815,6.498073999766945,0.0004802704,1,3,False
277,2,2437.1111111111113,6.124228346453631,0.0004802704,1,3,False
269,2,1552.5925925925926,4.066659920388387,0.0004802704,1,3,False
256,2,2539.0,3.7416573867739413,0.0004802704,1,3,False
259,2,1461.892857142857,3.2330799746447627,0.0004802704,1,3,False
271,2,1030.2222222222222,2.9355210696939795,0.0004802704,1,3,False
280,2,1823.5185185185185,2.897896687706452,0.0004802704,1,3,False
263,2,6399.074074074074,2.801136355731709,0.0004802704,1,3,False
270,2,2737.5185185185187,2.793781061577201,0.0004802704,1,3,False
272,2,3039.222222222222,2.249828525701843,0.0004802704,1,3,False
254,2,1620.3333333333333,1.9051586888313607,0.0004802704,1,3,False
253,2,1341.0,0.0,0.0004802704,1,3,False
257,2,2484.0,0.0,0.0004802704,1,3,False
265,2,1946.0,0.0,0.0004802704,1,3,False
268,2,1531.0,0.0,0.0004802704,1,3,False
275,2,1497.0,0.0,0.0004802704,1,3,False
276,2,1003.0,0.0,0.0004802704,1,3,False
281,2,1261.2941176470588,10.834393524557925,0.0004797912,2,5,False
897,1;2,1534.095238095238,5.919336850765841,0.0004544404,1,3,False
317,2,2674.0,0.0,0.00044527099999999996,1,3,False
1262,1,1544.0,0.0,0.0004434767,2,5,False
66,1;2,1576.656050955414,0.5136775835326357,0.0004186874,2,4,False
636,1;2,1220.4761904761904,6.068019584510628,0.00040344940000000003,1,3,False
1269,1,1211.923076923077,3.1976322601271585,0.0004032208,1,3,False
756,1,1234.8823529411766,0.32218973970892123,0.0003989092,1,3,False
860,1,1223.7368421052631,6.788861661521744,0.0003935872,2,5,False
1287,2,1215.0,0.0,0.00037650970000000005,2,4,False
1268,1,1573.6764705882354,0.467822756487849,0.00037172720000000004,1,3,False
1227,1;2,1238.9318181818182,0.3301327055984989,0.0003703316,2,4,False
1254,1;2,1251.75,9.148087231765993,0.0003487222,2,4,False
124,2,2121.0666666666666,25.321839497863408,0.0003426739,1,2,False
123,2,5901.966666666666,18.702020092908562,0.0003426739,1,2,False
126,2,1522.2333333333333,5.219727536524829,0.0003426739,1,2,False
125,2,8559.5,3.566043559277798,0.0003426739,1,2,False
3,2,1541.2926829268292,76.3078629399385,0.0003419438,1,2,False
462,2,16064.35,44.91689548488408,0.0003419438,1,2,False
2,2,13517.35,23.803938749711147,0.0003419438,1,2,False
1,2,2437.603773584906,3.8575562830680896,0.0003419438,1,2,False
464,2,5492.25,3.2691742076555053,0.0003419438,1,2,False
4,2,1232.7,2.1,0.0003419438,1,2,False
6,2,3049.45,0.7399324293474372,0.0003419438,1,2,False
5,2,1222.0,0.0,0.0003419438,1,2,False
463,2,7098.0,0.0,0.0003419438,1,2,False
1155,1;2,1553.5106382978724,7.813987296183444,0.0003390747,2,4,False
302,2,2025.5,6.020797289396148,0.00033744879999999996,1,3,False
303,2,1250.8333333333333,4.058598553961973,0.00033744879999999996,1,3,False
1253,1,1560.1875,7.134587847241073,0.0003373273,2,4,False
1323,1,1210.3333333333333,5.217491947499509,0.00033499939999999997,1,2,False
1224,2,4736.2,21.094074997496335,0.000330118,1,3,False
1223,2,4727.866666666667,13.330999795797595,0.000330118,1,3,False
1222,2,3981.6666666666665,7.001587121661932,0.000330118,1,3,False
1225,2,2157.3333333333335,4.988876515698588,0.000330118,1,3,False
1226,2,1067.4666666666667,4.112852484049915,0.000330118,1,3,False
1221,2,1485.2,0.7483314773547883,0.000330118,1,3,False
1219,2,1714.4666666666667,0.4988876515698588,0.000330118,1,3,False
1218,2,2744.0,0.0,0.000330118,1,3,False
1220,2,1781.0,0.0,0.000330118,1,3,False
1270,1,1551.6666666666667,1.8856180831641267,0.0003274504,2,4,False
530,1,1215.5,6.5,0.00032135080000000003,1,3,False
544,1,1876.4,37.829970481969276,0.00032092949999999997,1,2,False
546,1,3690.733333333333,35.48608490975332,0.00032092949999999997,1,2,False
545,1,3429.6666666666665,18.15366507225347,0.00032092949999999997,1,2,False
547,1,4501.033333333334,6.685722764884055,0.00032092949999999997,1,2,False
542,1,1207.4666666666667,2.0773915267843845,0.00032092949999999997,1,2,False
543,1,2006.4516129032259,1.4992193598222254,0.00032092949999999997,1,2,False
1313,1;2,1225.0,0.816496580927726,0.00031956949999999997,1,2,False
1239,1,5232.777777777777,28.09815248089287,0.00031696099999999994,1,3,False
1240,1,1354.888888888889,1.7916128329552334,0.00031696099999999994,1,3,False
18,1;2,1575.7076923076922,0.4548229384336764,0.00031258859999999997,1,3,False
405,2,5940.365384615385,58.06794059420458,0.000294516,1,2,False
465,2,8093.894736842105,30.968396007002642,0.000294516,1,2,False
1174,2,3457.3636363636365,79.97473774690324,0.00028890459999999997,1,3,False
1172,2,3692.6363636363635,36.15439801556331,0.00028890459999999997,1,3,False
1173,2,11533.454545454546,18.393989316491584,0.00028890459999999997,1,3,False
1178,2,1075.0434782608695,13.867316159477966,0.00028890459999999997,1,3,False
1179,2,3397.5454545454545,6.110551773384023,0.00028890459999999997,1,3,False
1167,2,6765.272727272727,5.028842431250665,0.00028890459999999997,1,3,False
1169,2,3291.0,4.316985480212279,0.00028890459999999997,1,3,False
1171,2,1348.0454545454545,2.2254166663442994,0.00028890459999999997,1,3,False
1165,2,2568.5454545454545,2.0829889522526543,0.00028890459999999997,1,3,False
1168,2,1826.9545454545455,2.0108178509631514,0.00028890459999999997,1,3,False
1170,2,1576.3181818181818,1.458092266576858,0.00028890459999999997,1,3,False
1176,2,2289.318181818182,0.6997638326518478,0.00028890459999999997,1,3,False
1164,2,1203.6363636363637,0.5677270907634908,0.00028890459999999997,1,3,False
1177,2,2996.590909090909,0.4916660830178166,0.00028890459999999997,1,3,False
1166,2,2897.0,0.0,0.00028890459999999997,1,3,False
1175,2,3198.0,0.0,0.00028890459999999997,1,3,False
218,2,5814.107142857143,33.462494234712445,0.000272509,1,2,False
449,2,1981.5,30.319135871591065,0.000272509,1,2,False
229,2,19408.5,28.400829967751697,0.000272509,1,2,False
231,2,1744.2857142857142,15.842657476521019,0.000272509,1,2,False
224,2,3423.8214285714284,7.141696334248065,0.000272509,1,2,False
232,2,2769.0,4.743416490252569,0.000272509,1,2,False
225,2,5624.714285714285,3.3791074778613917,0.000272509,1,2,False
233,2,3888.9285714285716,3.2285398228541498,0.000272509,1,2,False
234,2,2181.5,2.598076211353316,0.000272509,1,2,False
226,2,6090.928571428572,1.6887986310766985,0.000272509,1,2,False
235,2,2481.285714285714,1.4846149779161804,0.000272509,1,2,False
216,2,2153.8928571428573,0.5567306167185677,0.000272509,1,2,False
227,2,1329.357142857143,0.47915742374995496,0.000272509,1,2,False
228,2,2107.6785714285716,0.46702488680792925,0.000272509,1,2,False
236,2,1849.0357142857142,0.18557687223952257,0.000272509,1,2,False
217,2,4652.0,0.0,0.000272509,1,2,False
230,2,1468.0,0.0,0.000272509,1,2,False
807,1,1569.5416666666667,6.38343668323646,0.000272066,2,4,False
1264,1,1208.0,0.0,0.00026670960000000005,2,4,False
1228,1;2,1553.5833333333333,15.861159758633317,0.0002547527,1,2,False
304,1;2,1576.125,5.406882188470542,0.0002269731,1,2,False
1235,1,1022.9375,0.24206145913796356,0.0002269731,1,2,False
1215,2,1233.0,0.0,0.0002236899,1,2,False
1294,1,1237.3333333333333,5.21749194749951,0.00021272670000000002,2,4,False
177,1;2,1233.888888888889,8.120998539831824,0.0002079195,2,4,False
858,1,2866.3333333333335,1.699673171197595,0.00020758520000000003,1,2,False
859,1,4037.074074074074,0.8996265038141571,0.00020758520000000003,1,2,False
415,2,7636.566666666667,21.020122634170225,0.00020500650000000002,1,2,False
418,2,2675.4,13.877079423759644,0.00020500650000000002,1,2,False
416,2,3304.5,12.33626091379934,0.00020500650000000002,1,2,False
412,2,7684.6,9.520504188329525,0.00020500650000000002,1,2,False
413,2,8439.633333333333,4.053667749362572,0.00020500650000000002,1,2,False
417,2,2128.9,2.7,0.00020500650000000002,1,2,False
414,2,1406.4,1.4966629547095762,0.00020500650000000002,1,2,False
318,1;2,1239.2,18.50837648201484,0.00020346569999999997,2,4,False
1332,1,1243.0,0.0,0.0002028198,1,2,False
1252,1,1220.68,0.46647615158762407,0.0001889749,2,4,False
255,1;2,1261.2558139534883,5.685939505342098,0.0001862241,1,2,False
1261,1,1546.857142857143,6.0220682595308554,0.0001818286,1,2,False
1189,2,1550.4166666666667,1.6562172428626492,0.00017925259999999999,1,2,False
1339,1,1218.0,6.0,0.00017229839999999998,1,2,False
522,1;2,1236.125,2.8182810955143087,0.00017167139999999998,1,2,False
1300,2,1232.5,4.272001872658765,0.0001660692,1,2,False
1033,1,1212.0,4.69041575982343,0.0001638888,1,2,False
1326,2,1219.0,0.0,0.0001605109,2,4,False
1071,1;2,1552.142857142857,10.308506493301973,0.0001587473,1,2,False
1289,1;2,1234.75,6.139014578904337,0.0001569738,1,2,False
1188,2,1574.0,0.0,0.0001567912,1,2,False
1182,1;2,1241.5,25.18612532905586,0.0001547082,1,2,False
1267,1;2,1184.1785714285713,4.251500335415819,0.00015403539999999999,1,2,False
1301,2,1243.0,14.696938456699069,0.0001498325,1,2,False
314,1;2,1225.25,20.980645843252777,0.0001447652,1,2,False
536,1;2,1212.7894736842106,8.76943824263634,0.0001371295,1,2,False
708,1,1196.8709677419354,2.7910217285578414,0.0001353686,1,2,False
1049,1,15768.875,52.116306229432645,0.000135253,1,2,False
1048,1,17665.125,41.96706297800693,0.000135253,1,2,False
1046,1,3360.125,8.75981592272349,0.000135253,1,2,False
1051,1,1751.0,6.928203230275509,0.000135253,1,2,False
1052,1,1130.8125,6.46353956822421,0.000135253,1,2,False
1055,1,1545.0625,4.6833314798335595,0.000135253,1,2,False
1045,1,6711.875,4.428247395979588,0.000135253,1,2,False
1044,1,3598.125,4.357106264483344,0.000135253,1,2,False
1043,1,2308.1875,3.6779537449511244,0.000135253,1,2,False
1050,1,1353.4375,2.178553132241672,0.000135253,1,2,False
1054,1,4374.75,0.4330127018922193,0.000135253,1,2,False
1047,1,1278.0,0.0,0.000135253,1,2,False
1053,1,1235.0,0.0,0.000135253,1,2,False
766,1,1591.0,5.830951894845301,0.00012940140000000002,1,2,False
616,1,1221.125,0.33071891388307384,0.000126014,1,2,False
347,2,1552.9,11.953660527219267,0.0001231689,1,2,False
406,1;2,1235.7045454545455,4.864432814991924,0.0001195091,1,2,False
696,1;2,1232.5416666666667,2.0202963204001096,0.00011398800000000001,1,2,False
1329,2,1225.6666666666667,0.4714045207910317,0.0001090503,1,2,False
389,2,4305.888888888889,61.6215049844063,0.00010639929999999999,1,2,False
390,2,2037.7777777777778,6.795059933964735,0.00010639929999999999,1,2,False
387,2,1758.4444444444443,0.4969039949999533,0.00010639929999999999,1,2,False
388,2,2142.0,0.0,0.00010639929999999999,1,2,False
644,1;2,1225.25,5.629165124598851,0.00010267769999999999,1,2,False
1299,2,1246.3333333333333,0.4714045207910317,0.00010222000000000001,1,2,False
839,1,1058.909090909091,10.049464440316711,9.28014e-05,1,2,False
1328,2,1233.0,0.0,9.28014e-05,1,2,False
584,1,1070.3,6.588626564011653,9.21809e-05,1,2,False
1296,1,1221.4,1.2000000000000002,9.21444e-05,1,2,False
1331,2,1220.75,0.4330127018922193,9.14873e-05,2,4,False
1134,1,1438.6666666666667,7.542472332656507,9.101279999999999e-05,1,2,False
1259,1,1548.8461538461538,4.32961454752932,7.18588e-05,1,2,False
1121,1,1167.4,0.8,6.96865e-05,1,2,False
1291,1,1566.4666666666667,13.063264863306145,5.32493e-05,1,2,False
890,1,7993.6,4.363484845854286,3.88838e-05,1,2,False
892,1,4136.733333333334,3.9491208585653035,3.88838e-05,1,2,False
893,1;2,2658.967741935484,3.217731829558065,3.88838e-05,1,2,False
891,1,4683.466666666666,2.8720878971384014,3.88838e-05,1,2,False
1340,1,1211.0,0.0,2.06034e-05,1,2,False
1327,2,1221.0,0.0,4.7449999999999997e-07,1,2,False
1028,1,5940.3125,162.3043894777649,0,0,0,True
14,2,2991.03125,135.59486632405188,0,0,0,True
244,2,2618.9333333333334,132.25125918325148,0,0,0,True
611,1,1812.0882352941176,121.96536819139392,0,0,0,True
571,1,8944.4375,113.36664453775634,0,0,0,True
206,2,7944.375,106.2090362210297,0,0,0,True
503,1,17959.25,105.49703787310808,0,0,0,True
852,1,7850.59375,99.16868815779253,0,0,0,True
563,1,8537.6875,98.64628651779041,0,0,0,True
443,2,5617.766666666666,92.74290029730338,0,0,0,True
421,2,2584.8064516129034,92.64166809840003,0,0,0,True
92,2,3613.9375,91.27463280534192,0,0,0,True
397,2,10039.666666666666,89.48833229064901,0,0,0,True
829,1,3573.78125,88.76187750626673,0,0,0,True
1095,1,3721.9375,88.72884871196064,0,0,0,True
1023,1,6235.46875,85.40783935586651,0,0,0,True
925,1,2460.375,78.87004738809277,0,0,0,True
90,2,2620.7096774193546,78.59992347873937,0,0,0,True
697,1,3543.96875,77.75220429954061,0,0,0,True
775,1,3574.9375,77.60071580694343,0,0,0,True
40,2,1941.1875,71.62202764338636,0,0,0,True
342,2,6976.25,69.69128352957779,0,0,0,True
478,1,4171.84375,67.84408106782419,0,0,0,True
1098,1,8541.125,67.51284599985398,0,0,0,True
76,2,3405.7741935483873,67.34490409986938,0,0,0,True
689,1,24431.96875,66.45556992034227,0,0,0,True
104,2,12386.03125,65.95191637426088,0,0,0,True
325,2,1798.5,64.12390349939716,0,0,0,True
203,2,11236.71875,63.37992307061835,0,0,0,True
112,2,4082.65625,63.035014761142875,0,0,0,True
745,1,7822.90625,62.76063623751356,0,0,0,True
393,2,6254.424242424242,62.58087146174083,0,0,0,True
383,2,4442.65625,62.554780680116686,0,0,0,True
646,1,5474.441176470588,61.111369490209086,0,0,0,True
885,1,6882.666666666667,59.07348616491807,0,0,0,True
37,2,3901.21875,58.24663851620538,0,0,0,True
986,1,11024.75,57.80192470843856,0,0,0,True
869,1,27145.5,56.488383761619524,0,0,0,True
926,1,8426.0,55.809385411416244,0,0,0,True
1064,1,17799.9375,53.34494909314283,0,0,0,True
157,2,3744.53125,53.133078429896194,0,0,0,True
871,1,6122.25,52.99469313053903,0,0,0,True
422,2,14883.322580645161,52.64144515663471,0,0,0,True
428,2,5382.129032258064,52.394743602082755,0,0,0,True
1069,1,14292.65625,52.18094083032137,0,0,0,True
471,1,7738.625,51.7522644432106,0,0,0,True
674,1,3339.5625,50.85023199307944,0,0,0,True
89,2,4328.645161290323,50.43651287931788,0,0,0,True
765,1,23252.21875,49.853995812146294,0,0,0,True
1005,1,3342.9375,48.76277877387629,0,0,0,True
1084,1,18249.5,48.575328099766864,0,0,0,True
238,2,7132.366666666667,47.95934620998173,0,0,0,True
329,2,3436.1875,47.08399243638967,0,0,0,True
392,2,3862.6969696969695,46.736842159689054,0,0,0,True
514,1,10865.53125,46.0325865386413,0,0,0,True
448,2,1092.1,45.40143169548731,0,0,0,True
41,2,8464.71875,45.30882528202977,0,0,0,True
1091,1,1666.28125,45.22114713756718,0,0,0,True
851,1,6334.40625,45.13857785683439,0,0,0,True
912,1,7694.15625,44.41291294136763,0,0,0,True
734,1,6414.548387096775,41.739467444612096,0,0,0,True
324,2,1245.15625,40.96958427830944,0,0,0,True
941,1,1104.741935483871,40.92003826657268,0,0,0,True
591,1,6713.325,40.73658521525829,0,0,0,True
436,2,3624.633333333333,40.61566473938624,0,0,0,True
46,2,4192.28125,40.23542777748858,0,0,0,True
62,2,1994.28125,40.027517390384084,0,0,0,True
492,1,21857.90625,39.152234430968306,0,0,0,True
182,2,4028.1875,38.51009405013184,0,0,0,True
362,2,2897.3939393939395,38.20989828441601,0,0,0,True
187,2,2176.09375,37.396824209249374,0,0,0,True
426,2,10688.290322580646,37.00234826758022,0,0,0,True
920,1,5987.15625,36.57535831591401,0,0,0,True
608,1,19256.03125,36.27799296319326,0,0,0,True
524,1,6303.125,35.34893032327852,0,0,0,True
430,2,2955.967741935484,34.43130971150432,0,0,0,True
25,2,2251.90625,33.653899639380576,0,0,0,True
875,1,4744.30303030303,33.535584762498445,0,0,0,True
732,1,2038.741935483871,32.94077553774495,0,0,0,True
588,1,3639.40625,32.31085283519301,0,0,0,True
1014,1,2818.09375,31.97690511818647,0,0,0,True
243,2,8234.466666666667,31.650943464962026,0,0,0,True
31,2,1713.1875,31.503410033677305,0,0,0,True
922,1,3301.125,31.21973534481034,0,0,0,True
159,2,6537.03125,30.844858136122138,0,0,0,True
818,1,2872.96875,30.822561110937876,0,0,0,True
394,2,3920.6969696969695,30.731964258421552,0,0,0,True
722,1,3273.1875,30.395761937316195,0,0,0,True
192,2,2611.6666666666665,30.169889330626027,0,0,0,True
827,1,18192.65625,29.814645494077237,0,0,0,True
682,1,3769.53125,29.619445022442605,0,0,0,True
576,1,1703.09375,29.61350977066886,0,0,0,True
1020,1,9374.21875,28.90472968974974,0,0,0,True
993,1,2071.09375,28.238226943940727,0,0,0,True
424,2,7332.1612903225805,28.150627992987715,0,0,0,True
1255,1,1949.0416666666667,27.62016046095476,0,0,0,True
730,1,10927.193548387097,26.894560374386664,0,0,0,True
907,1,1167.6875,26.703742130083565,0,0,0,True
989,1,9393.5625,26.58352109390327,0,0,0,True
815,1,7913.78125,26.529151860500555,0,0,0,True
814,1,12664.90625,26.04366450669913,0,0,0,True
55,2,6530.190476190476,26.017611338730593,0,0,0,True
467,1,2071.65625,25.228467768326716,0,0,0,True
343,2,6773.40625,25.207711338745135,0,0,0,True
952,1,3449.9375,25.184242965592592,0,0,0,True
767,1,8600.59375,25.03479999795285,0,0,0,True
220,2,1150.483870967742,24.735857435717186,0,0,0,True
212,2,3704.0,24.43102535711508,0,0,0,True
333,2,9764.4375,24.207356190835874,0,0,0,True
9,2,2782.1666666666665,23.990391595155106,0,0,0,True
578,1,7916.28125,23.965123584857643,0,0,0,True
457,1;2,1303.40625,23.898037805173463,0,0,0,True
572,1,3339.75,23.006792475266952,0,0,0,True
501,1,3373.78125,22.13133295663639,0,0,0,True
899,1,7577.0,21.92743715074792,0,0,0,True
466,1,4315.625,21.769746783093275,0,0,0,True
207,2,10136.0625,21.706763778831704,0,0,0,True
391,1;2,1269.2666666666667,21.467701838394863,0,0,0,True
614,1,3116.9411764705883,21.300291597659616,0,0,0,True
82,2,11912.354838709678,21.24139049439268,0,0,0,True
603,1,10577.390243902439,20.827840243501107,0,0,0,True
866,1,4645.3125,20.732579283581675,0,0,0,True
215,1;2,1229.6666666666667,20.725722075613085,0,0,0,True
241,2,27551.533333333333,20.686119876756866,0,0,0,True
57,2,1102.4,20.38888586133795,0,0,0,True
924,1,2354.0,20.16649448962313,0,0,0,True
782,1,3408.34375,20.032176265635744,0,0,0,True
513,1,1775.59375,20.004467274523957,0,0,0,True
788,1,6484.9375,19.97332205092583,0,0,0,True
334,2,3389.4375,19.874508641724958,0,0,0,True
652,1,2414.8125,19.845398553569037,0,0,0,True
991,1,3393.1875,19.66665563205905,0,0,0,True
395,2,4384.121212121212,19.66346801274734,0,0,0,True
743,1,4425.5625,19.38900703362604,0,0,0,True
655,1,10197.0,19.35523185084591,0,0,0,True
99,2,1149.121212121212,19.272774918942435,0,0,0,True
918,1,7617.84375,19.25504702506592,0,0,0,True
1104,1,2392.625,19.10947081946541,0,0,0,True
173,2,5185.5625,18.99989720366929,0,0,0,True
908,1,3539.2580645161293,18.541962421692332,0,0,0,True
841,1,3170.65625,18.421470786489877,0,0,0,True
630,1,12449.4375,18.331900985713403,0,0,0,True
107,2,10569.875,18.323055831383584,0,0,0,True
1279,1,11571.666666666666,18.263503375736967,0,0,0,True
479,1,10786.4375,18.20531773273952,0,0,0,True
917,1,9267.03125,18.202823227112326,0,0,0,True
921,1,18334.875,17.872377429989555,0,0,0,True
693,1,6302.625,17.85488378567612,0,0,0,True
834,1,1837.9375,17.799117780103597,0,0,0,True
1137,1,2854.6875,17.641282372605456,0,0,0,True
864,1,7151.5,17.514279888136993,0,0,0,True
194,1;2,1229.875,17.244111313720982,0,0,0,True
953,1,4065.125,17.18602266378117,0,0,0,True
535,1,6942.875,17.039934712316242,0,0,0,True
901,1,2254.375,17.032597423763647,0,0,0,True
341,2,10247.96875,16.877285724828504,0,0,0,True
911,1,4537.09375,16.839981025449525,0,0,0,True
965,1,5666.424242424242,16.792910306057465,0,0,0,True
73,2,2484.3870967741937,16.717148659780932,0,0,0,True
728,1,17587.3125,16.5764092538161,0,0,0,True
469,1,8177.03125,16.54441819579945,0,0,0,True
568,1,2739.4375,16.44486527004706,0,0,0,True
672,1,3965.0625,16.35530781581319,0,0,0,True
966,1,8529.060606060606,16.264740436012875,0,0,0,True
688,1,1688.34375,16.243478258596586,0,0,0,True
945,1,29009.41935483871,16.20389079829662,0,0,0,True
948,1,11692.30303030303,16.112266827867987,0,0,0,True
1278,1,4339.333333333333,16.110727964792762,0,0,0,True
506,1,17520.53125,16.05651031318761,0,0,0,True
21,2,5015.4375,15.907815492706721,0,0,0,True
495,1,12630.21875,15.824692680665239,0,0,0,True
828,1,3135.84375,15.772027007886463,0,0,0,True
444,2,8426.5,15.605020559636142,0,0,0,True
1096,1,4775.28125,15.590931609031578,0,0,0,True
420,2,19321.8064516129,15.553071172370426,0,0,0,True
500,1,6103.09375,15.494675244660664,0,0,0,True
658,1,16474.0,15.459624833740307,0,0,0,True
442,2,2762.9333333333334,15.372992190490729,0,0,0,True
1015,1,5808.25,15.20485119953497,0,0,0,True
1124,1,13373.125,15.161113910263982,0,0,0,True
653,1,1217.032258064516,15.145496234573073,0,0,0,True
793,1,6248.125,15.068074694532145,0,0,0,True
832,1,2776.625,14.976544160786894,0,0,0,True
1026,1,7325.21875,14.621761126399925,0,0,0,True
645,1,7163.5,14.599053152214237,0,0,0,True
723,1,2555.65625,14.578686015464493,0,0,0,True
118,2,5714.78125,14.262569839881591,0,0,0,True
757,1,2262.102564102564,14.24653781026198,0,0,0,True
186,2,2476.78125,14.130495335886142,0,0,0,True
1216,1;2,1557.3333333333333,14.007934259633798,0,0,0,True
44,2,5834.0,13.82931668593933,0,0,0,True
1293,1;2,1226.3333333333333,13.67073110293992,0,0,0,True
10,2,15152.9,13.5827095971312,0,0,0,True
1146,1,3711.5625,13.571425634398178,0,0,0,True
102,2,2908.848484848485,13.51345280804373,0,0,0,True
331,2,4635.875,13.453043335989072,0,0,0,True
155,2,14472.8125,13.426739877945055,0,0,0,True
809,1,7750.0625,13.392949404444115,0,0,0,True
541,1;2,1219.8,13.22724461102916,0,0,0,True
1324,1,1083.4,12.986146464598342,0,0,0,True
557,1;2,1255.076923076923,12.928570261018148,0,0,0,True
1004,1,15793.65625,12.793087427884638,0,0,0,True
85,2,8893.290322580646,12.544613413827994,0,0,0,True
662,1,9373.6875,12.223025147237488,0,0,0,True
709,1,2601.59375,12.06974361523475,0,0,0,True
348,2,7954.909090909091,12.021101740370622,0,0,0,True
474,1,11522.0625,11.916211384076735,0,0,0,True
377,2,4176.125,11.913096784631609,0,0,0,True
473,1,12609.96875,11.801706378210737,0,0,0,True
882,1,4236.323529411765,11.78912906086963,0,0,0,True
1306,1;2,1052.0,11.775681155103795,0,0,0,True
681,1,2225.9375,11.677803464265015,0,0,0,True
843,1,13134.0,11.535271995059327,0,0,0,True
811,1,10881.5,11.52443057161611,0,0,0,True
88,2,4791.290322580645,11.48966870683032,0,0,0,True
902,1,5198.59375,11.165962159057319,0,0,0,True
532,1,2049.1875,11.128335174229791,0,0,0,True
1185,1;2,1231.142857142857,11.044437144405988,0,0,0,True
1112,1,11268.03125,11.007055620714379,0,0,0,True
34,2,3575.1935483870966,10.899598556794265,0,0,0,True
445,2,10400.666666666666,10.777548680268419,0,0,0,True
190,2,5337.65625,10.772097564425417,0,0,0,True
976,1,3241.53125,10.77028427839767,0,0,0,True
313,1;2,1980.5054945054944,10.643445722292025,0,0,0,True
1126,1;2,3681.878787878788,10.628029196015987,0,0,0,True
411,1;2,1226.6153846153845,10.550526501907648,0,0,0,True
738,1,10460.25,10.508924778491851,0,0,0,True
585,1,11427.875,10.391553060057962,0,0,0,True
846,1,7410.46875,10.36214376649446,0,0,0,True
371,2,7685.65625,10.270130765355425,0,0,0,True
323,2,4340.8125,10.263520046748095,0,0,0,True
461,1;2,4453.25,10.253048327204938,0,0,0,True
246,2,3459.4,10.190191362285598,0,0,0,True
927,1,5165.75,10.136567466356647,0,0,0,True
1308,1,1226.25,9.959292143521045,0,0,0,True
1138,1,3463.40625,9.9211244794882,0,0,0,True
510,1,1285.21875,9.917580271290976,0,0,0,True
919,1,6299.3125,9.897719118564641,0,0,0,True
53,2,4925.903225806452,9.812286040271566,0,0,0,True
810,1,14670.25,9.695359714832659,0,0,0,True
476,1,8771.6875,9.583310688379042,0,0,0,True
695,1,5974.0625,9.58168011102437,0,0,0,True
410,2,6910.25,9.539392014169456,0,0,0,True
490,1,1215.2727272727273,9.525954107221626,0,0,0,True
587,1,9798.84375,9.44096583711116,0,0,0,True
760,1,1870.6923076923076,9.381252024455538,0,0,0,True
1034,1,14914.03125,9.36243950247477,0,0,0,True
739,1,4928.6875,9.32214265874536,0,0,0,True
396,2,1389.878787878788,9.25974531935123,0,0,0,True
320,2,1164.53125,9.243187947753741,0,0,0,True
496,1,3267.96875,9.224574431240717,0,0,0,True
121,2,3964.0,9.090938416374987,0,0,0,True
751,1,7205.375,9.068317098558033,0,0,0,True
1092,1,1119.25,8.940777371123833,0,0,0,True
970,1,5099.53125,8.891654707505234,0,0,0,True
29,2,7709.09375,8.875385114883748,0,0,0,True
1088,1,4975.59375,8.873624453260348,0,0,0,True
997,1,13431.59375,8.855998584998758,0,0,0,True
26,2,3261.40625,8.831263269629096,0,0,0,True
239,2,1764.6333333333334,8.757790182967899,0,0,0,True
835,1,16055.34375,8.727146494559376,0,0,0,True
521,1,2494.96875,8.66921411879416,0,0,0,True
431,2,3457.0,8.654664973668918,0,0,0,True
772,1,3985.15625,8.577256900518954,0,0,0,True
1094,1,5996.46875,8.514635837045528,0,0,0,True
1320,2,1181.2,8.4,0,0,0,True
1002,1,2053.53125,8.388922662505598,0,0,0,True
147,1;2,3034.6969696969695,8.342969635112851,0,0,0,True
515,1,1099.28125,8.220532126176504,0,0,0,True
205,2,4093.03125,8.213876882294986,0,0,0,True
1142,1,7387.4375,8.207989629013916,0,0,0,True
773,1,1606.75,8.1967981553775,0,0,0,True
1135,1,1138.8275862068965,8.179321974754771,0,0,0,True
762,1,4361.53125,8.177653907906596,0,0,0,True
540,1,2851.96875,8.118206294342365,0,0,0,True
156,2,5007.1875,8.063953357379988,0,0,0,True
605,1,4498.735294117647,8.01215555753885,0,0,0,True
806,1,3792.4193548387098,8.003121139334556,0,0,0,True
868,1,6326.96875,7.986255282515079,0,0,0,True
641,1,1470.375,7.9794658342523155,0,0,0,True
677,1,6245.71875,7.934238995486587,0,0,0,True
446,2,4389.466666666666,7.923523346480544,0,0,0,True
883,1,1040.0588235294117,7.884986390642842,0,0,0,True
981,1,1283.78125,7.872953603159363,0,0,0,True
659,1,3724.625,7.861098841765062,0,0,0,True
610,1,7400.96875,7.788149551562297,0,0,0,True
385,2,4038.8125,7.73966044151809,0,0,0,True
423,2,8309.354838709678,7.664532420966718,0,0,0,True
898,1,2073.125,7.6638355279846655,0,0,0,True
808,1,2341.15625,7.63670975862642,0,0,0,True
529,1,1065.71875,7.608524721488391,0,0,0,True
1277,1,1436.6666666666667,7.542472332656507,0,0,0,True
1123,1,3034.21875,7.519700688026086,0,0,0,True
1274,1,1213.5,7.5,0,0,0,True
651,1;2,1228.875,7.494789856960634,0,0,0,True
161,2,5534.8125,7.472606222062019,0,0,0,True
178,2,9172.4375,7.441175562369161,0,0,0,True
1012,1,2072.40625,7.415605904948024,0,0,0,True
399,2,8115.909090909091,7.411553782884128,0,0,0,True
665,1,4121.84375,7.37440410728216,0,0,0,True
1128,1,1735.90625,7.349997342686595,0,0,0,True
67,2,3542.5806451612902,7.347477923875062,0,0,0,True
214,2,1003.6666666666666,7.322305758172191,0,0,0,True
937,1,6195.5625,7.210831696136029,0,0,0,True
69,2,4988.774193548387,7.200849759081326,0,0,0,True
736,1,8906.40625,7.193136376956856,0,0,0,True
967,1,6734.909090909091,7.136604898450244,0,0,0,True
909,1,1305.84375,7.124383196986249,0,0,0,True
106,2,3973.6875,7.07741787306642,0,0,0,True
906,1,11660.375,7.0611171212493,0,0,0,True
694,1,3609.15625,7.027221067925784,0,0,0,True
1273,1;2,1056.0,7.0,0,0,0,True
1288,1;2,1375.0,7.0,0,0,0,True
1122,1,1894.5625,6.981840283907961,0,0,0,True
566,1,1150.40625,6.98149059567511,0,0,0,True
687,1,1390.6875,6.952686081652184,0,0,0,True
507,1,4642.84375,6.951211113000381,0,0,0,True
676,1,3512.03125,6.844178068804172,0,0,0,True
1251,1;2,1537.5,6.800735254367722,0,0,0,True
432,1;2,1233.3076923076924,6.74120070775589,0,0,0,True
120,2,9734.0625,6.735806837343245,0,0,0,True
425,2,10959.290322580646,6.682637823721895,0,0,0,True
366,2,8420.09090909091,6.657707478593771,0,0,0,True
114,2,3470.53125,6.656690126293998,0,0,0,True
1132,1,3656.8125,6.621166343628591,0,0,0,True
822,1,10378.15625,6.619617506888144,0,0,0,True
555,1,1315.8125,6.606992034958117,0,0,0,True
512,1,5554.0,6.59545297913646,0,0,0,True
737,1,4849.71875,6.534688090299337,0,0,0,True
440,2,7902.1,6.503076195155643,0,0,0,True
990,1,2026.75,6.49519052838329,0,0,0,True
560,1,1525.1875,6.3710159119248795,0,0,0,True
671,1,1219.8387096774193,6.2994970316047185,0,0,0,True
1232,1,2392.5833333333335,6.271075576716396,0,0,0,True
582,1,5251.125,6.263734908183775,0,0,0,True
785,1,3009.125,6.263734908183775,0,0,0,True
721,1,1566.53125,6.174465437388082,0,0,0,True
24,2,6822.75,6.154266812545585,0,0,0,True
498,1,2925.53125,6.149107531788657,0,0,0,True
647,1,2049.470588235294,6.117647058823529,0,0,0,True
979,1,10332.125,6.117342151621078,0,0,0,True
549,1,5841.21875,6.01941844678537,0,0,0,True
164,2,1111.1875,5.9866387689587555,0,0,0,True
1130,1,4773.1875,5.976189735107145,0,0,0,True
1106,1,6888.59375,5.9626932620670665,0,0,0,True
790,1,1035.75,5.921359641163505,0,0,0,True
174,2,5548.71875,5.890852946518017,0,0,0,True
528,1,2685.8125,5.854685623498498,0,0,0,True
847,1,3052.71875,5.826847212472625,0,0,0,True
459,1;2,7849.96875,5.730861491739265,0,0,0,True
805,1,6079.75,5.717298313014636,0,0,0,True
648,1,2725.735294117647,5.715349937973597,0,0,0,True
586,1,9061.65625,5.61031068101402,0,0,0,True
1127,1,5568.59375,5.606131548358458,0,0,0,True
51,2,12879.935483870968,5.56449275357409,0,0,0,True
191,2,5549.84375,5.545884594679193,0,0,0,True
553,1,1889.34375,5.5204697207302935,0,0,0,True
1341,1,1568.5,5.5,0,0,0,True
1345,1,1191.5,5.5,0,0,0,True
374,2,4004.875,5.498579361980693,0,0,0,True
352,2,9137.69696969697,5.468836497413811,0,0,0,True
65,2,1085.3125,5.4683035532055095,0,0,0,True
1233,1,8044.375,5.4605593425338155,0,0,0,True
742,1,1519.96875,5.393771726491583,0,0,0,True
999,1,3459.96875,5.393771726491583,0,0,0,True
200,1;2,1244.05,5.389573266966504,0,0,0,True
101,2,4416.242424242424,5.376888268913722,0,0,0,True
98,2,7564.121212121212,5.352753897606159,0,0,0,True
1099,1,3857.9375,5.344024115776425,0,0,0,True
144,2,6028.625,5.3253521010351985,0,0,0,True
1286,2,1457.5714285714287,5.2876444352347844,0,0,0,True
338,2,1487.78125,5.278105572788403,0,0,0,True
1067,1,1161.25,5.267826876426369,0,0,0,True
705,1,2221.71875,5.185522966635092,0,0,0,True
407,2,1586.15625,5.184769612769694,0,0,0,True
454,1;2,2769.6875,5.17468296130304,0,0,0,True
75,2,3385.7419354838707,5.117759980855308,0,0,0,True
1001,1,3057.34375,5.1088732551806375,0,0,0,True
33,2,1959.7096774193549,5.106564708465778,0,0,0,True
554,1,6295.9375,5.0925036818837945,0,0,0,True
975,1,6354.28125,5.088187146469752,0,0,0,True
625,1,2125.735294117647,5.077683721178224,0,0,0,True
1057,1,1887.09375,5.045786453814707,0,0,0,True
499,1,5889.125,5.02338282435253,0,0,0,True
8,2,1264.9333333333334,5.012872319228656,0,0,0,True
143,2,2242.85,5.0127337850717755,0,0,0,True
1231,1,1443.5416666666667,4.983131266806266,0,0,0,True
493,1;2,1182.121212121212,4.9711749465236075,0,0,0,True
752,1,16975.34375,4.940960021847981,0,0,0,True
956,1,1988.75,4.9180788932265,0,0,0,True
750,1,1248.875,4.871793817476269,0,0,0,True
968,1;2,1230.0,4.864839839775475,0,0,0,True
715,1,2145.8125,4.837596898254339,0,0,0,True
1063,1,13037.40625,4.807932085366847,0,0,0,True
360,2,11450.151515151516,4.7997551207814135,0,0,0,True
409,2,4015.5625,4.769286503241339,0,0,0,True
888,1,3804.5151515151515,4.761723727373422,0,0,0,True
108,2,2626.1875,4.673311860982531,0,0,0,True
209,2,6872.6875,4.571908108219149,0,0,0,True
607,1,3985.34375,4.566244182859695,0,0,0,True
998,1,6953.84375,4.562821050348129,0,0,0,True
776,1,1025.25,4.520785330006281,0,0,0,True
741,1,8184.9375,4.513434806220203,0,0,0,True
1319,1,1217.3333333333333,4.496912521077347,0,0,0,True
95,2,3519.818181818182,4.4887370529558215,0,0,0,True
1007,1,2005.34375,4.483367700456879,0,0,0,True
491,1,1457.4375,4.471699201645835,0,0,0,True
497,1,11584.1875,4.454193950649208,0,0,0,True
486,1,2824.2258064516127,4.441081511838878,0,0,0,True
770,1,4200.5,4.422951503238533,0,0,0,True
1118,1,5188.0,4.394598957811737,0,0,0,True
884,1,2472.151515151515,4.377083657034615,0,0,0,True
769,1,5075.96875,4.348019484489461,0,0,0,True
79,2,2523.967741935484,4.336520613369306,0,0,0,True
994,1,6203.875,4.321096504360901,0,0,0,True
152,2,6364.15625,4.2874043356674445,0,0,0,True
842,1,2854.5,4.286607049870562,0,0,0,True
434,2,3158.1612903225805,4.266121409835253,0,0,0,True
656,1,2646.84375,4.236075534914362,0,0,0,True
42,2,6912.46875,4.2055348574824585,0,0,0,True
1107,1,6288.34375,4.180381075631742,0,0,0,True
327,2,8068.3125,4.156602428666951,0,0,0,True
1085,1,2601.0,4.14578098794425,0,0,0,True
735,1,1246.1875,4.103637867794867,0,0,0,True
17,2,1610.0625,4.084555514373626,0,0,0,True
494,1,1601.5,4.06201920231798,0,0,0,True
552,1;2,1209.4545454545455,4.008255942736109,0,0,0,True
158,2,1541.71875,4.001830635784078,0,0,0,True
435,2,2751.266666666667,3.9994444058588385,0,0,0,True
982,1,14791.875,3.990222424878092,0,0,0,True
355,2,2766.3030303030305,3.965646788813545,0,0,0,True
455,1;2,10050.21875,3.958648562009515,0,0,0,True
638,1,10304.5,3.913118960624632,0,0,0,True
408,2,9547.875,3.887077951366553,0,0,0,True
77,2,1303.7096774193549,3.8870633113269846,0,0,0,True
358,2,6746.909090909091,3.8640819707382015,0,0,0,True
748,1,5375.09375,3.8353566897356495,0,0,0,True
787,1,3394.6875,3.82783799944564,0,0,0,True
855,1,5275.09375,3.8190261765926663,0,0,0,True
1151,1,1848.53125,3.81595642500016,0,0,0,True
627,1,11475.0625,3.815572532399299,0,0,0,True
81,2,3561.0,3.810003810005715,0,0,0,True
523,1,1054.96875,3.7540342882690885,0,0,0,True
934,1,5571.96875,3.7540342882690885,0,0,0,True
558,1,19276.0,3.75,0,0,0,True
583,1,1685.71875,3.743614354804725,0,0,0,True
1036,1,3588.59375,3.7237361530457553,0,0,0,True
838,1,6599.09375,3.7195377316946256,0,0,0,True
783,1,3450.5625,3.682199580413859,0,0,0,True
1059,1,6295.59375,3.6730383795299497,0,0,0,True
1183,2,2250.095238095238,3.663263727031791,0,0,0,True
208,2,1691.65625,3.653845363107202,0,0,0,True
643,1,2870.65625,3.653845363107202,0,0,0,True
1105,1,4525.65625,3.653845363107202,0,0,0,True
712,1,4180.8125,3.6438089617871023,0,0,0,True
185,2,1442.0625,3.6309218870694533,0,0,0,True
1025,1,1327.8125,3.591983261375253,0,0,0,True
946,1,3940.516129032258,3.5909471096969665,0,0,0,True
97,2,1382.3333333333333,3.573188599511194,0,0,0,True
872,1,3930.03125,3.5398126274564308,0,0,0,True
949,1,8237.78125,3.5331853103821205,0,0,0,True
1152,1,7320.6875,3.5216961467452017,0,0,0,True
853,1,3030.84375,3.4920389369965505,0,0,0,True
699,1,3706.625,3.4798527267687636,0,0,0,True
502,1,1291.46875,3.4729704055030473,0,0,0,True
340,2,8563.0,3.4641016151377544,0,0,0,True
894,1,3474.0,3.4460121880225554,0,0,0,True
983,1,3937.9375,3.390588997504711,0,0,0,True
526,1,1883.59375,3.3620991861484395,0,0,0,True
359,2,7280.757575757576,3.339663411005104,0,0,0,True
199,2,19095.96875,3.3305815464420023,0,0,0,True
87,2,3437.8709677419356,3.3286821521327568,0,0,0,True
520,1,4477.65625,3.3129421874672067,0,0,0,True
1079,1,9803.375,3.3048260166005714,0,0,0,True
597,1,3445.45,3.3011361680488123,0,0,0,True
581,1,2461.84375,3.2892758986591564,0,0,0,True
862,1,4142.15625,3.2892758986591564,0,0,0,True
973,1,4990.8125,3.2349410736518833,0,0,0,True
154,2,1035.78125,3.2281416383888732,0,0,0,True
165,2,6241.9375,3.2009520068254695,0,0,0,True
460,1;2,4774.71875,3.184281463297489,0,0,0,True
439,2,3082.8333333333335,3.184162195757133,0,0,0,True
1143,1,3160.40625,3.1707587321491366,0,0,0,True
336,2,1050.125,3.1696805832764916,0,0,0,True
43,2,3766.40625,3.1608876818862135,0,0,0,True
633,1,1352.78125,3.1497457734712495,0,0,0,True
664,1,1467.1875,3.1467989687935263,0,0,0,True
110,2,10829.5625,3.1418296818892015,0,0,0,True
955,1,4536.8125,3.1168644099479206,0,0,0,True
874,1,2112.5151515151515,3.115175097187005,0,0,0,True
781,1,4578.25,3.112474899497183,0,0,0,True
698,1,1667.125,3.109963826156182,0,0,0,True
726,1,1075.09375,3.1060362099466903,0,0,0,True
1119,1,7058.53125,3.102261020207681,0,0,0,True
404,2,2722.5454545454545,3.0855568633594803,0,0,0,True
1013,1,1372.875,3.0695072894521687,0,0,0,True
163,2,5685.78125,3.0591499534184328,0,0,0,True
211,2,3788.09375,3.0450715816709466,0,0,0,True
222,2,1275.2666666666667,3.0324174441451097,0,0,0,True
22,2,3042.96875,3.01542259683448,0,0,0,True
537,1,1935.03125,3.01542259683448,0,0,0,True
487,1,3757.548387096774,3.003639831479943,0,0,0,True
1029,1,17511.46875,2.9684210344053286,0,0,0,True
1066,1,3916.1875,2.9520914196548858,0,0,0,True
517,1,3434.71875,2.9499404125337856,0,0,0,True
951,1,1845.1875,2.9414866564375233,0,0,0,True
315,2,7239.870967741936,2.9374328871825064,0,0,0,True
168,2,7250.90625,2.930010398872332,0,0,0,True
204,2,3817.75,2.9261749776799064,0,0,0,True
716,1,6802.28125,2.9179870523187725,0,0,0,True
13,2,7574.3,2.911471563774352,0,0,0,True
1114,1,7030.25,2.9047375096555625,0,0,0,True
978,1,7470.0625,2.8932842497756766,0,0,0,True
116,2,1162.84375,2.88432590694949,0,0,0,True
534,1,4671.75,2.8613807855648994,0,0,0,True
38,2,8495.84375,2.8406576593282056,0,0,0,True
485,1,3229.6857142857143,2.8362090248521987,0,0,0,True
437,2,1423.0333333333333,2.83411753853333,0,0,0,True
84,2,1895.8387096774193,2.829530614140437,0,0,0,True
80,2,3280.516129032258,2.8269551355105347,0,0,0,True
763,1,3958.78125,2.8254908312539255,0,0,0,True
837,1,9994.9375,2.816663584810937,0,0,0,True
612,1,3635.6176470588234,2.797211908967181,0,0,0,True
94,2,1975.34375,2.7907142342955864,0,0,0,True
345,2,1961.5,2.7838821814150108,0,0,0,True
620,1,3401.5,2.7838821814150108,0,0,0,True
685,1,2279.5,2.7838821814150108,0,0,0,True
819,1,3827.5,2.7838821814150108,0,0,0,True
1144,1,2996.5,2.7838821814150108,0,0,0,True
628,1,7597.8125,2.7775607554111215,0,0,0,True
720,1,2425.8125,2.766286997041341,0,0,0,True
1154,1;2,1232.5,2.7658633371878665,0,0,0,True
684,1,4438.09375,2.7540807790440716,0,0,0,True
800,1,3086.71875,2.752662063802965,0,0,0,True
880,1,4945.441176470588,2.735294117647059,0,0,0,True
629,1,2209.78125,2.724132602774689,0,0,0,True
692,1,2158.34375,2.7226982824947754,0,0,0,True
1087,1,2211.28125,2.7183907808665038,0,0,0,True
840,1,2623.75,2.704163456597992,0,0,0,True
974,1,2490.75,2.680951323690902,0,0,0,True
35,2,1446.516129032258,2.6624142299307545,0,0,0,True
556,1,9876.625,2.6545950726994127,0,0,0,True
995,1,1476.03125,2.6396540374640005,0,0,0,True
794,1,3196.90625,2.638173788342989,0,0,0,True
719,1,2803.71875,2.6366927082047313,0,0,0,True
518,1,3834.875,2.6309456474811483,0,0,0,True
477,1,1584.15625,2.623325358681229,0,0,0,True
489,1,2913.53125,2.621835890649909,0,0,0,True
23,2,1416.46875,2.6098895450765727,0,0,0,True
63,2,1691.46875,2.6098895450765727,0,0,0,True
115,2,1392.46875,2.6098895450765727,0,0,0,True
379,2,1988.46875,2.6098895450765727,0,0,0,True
617,1,5372.46875,2.6098895450765727,0,0,0,True
932,1,5731.53125,2.6098895450765727,0,0,0,True
1037,1,3555.46875,2.6098895450765727,0,0,0,True
780,1,2988.1875,2.603333199957316,0,0,0,True
346,2,1613.25,2.598076211353316,0,0,0,True
551,1,1518.0,2.598076211353316,0,0,0,True
96,2,3904.969696969697,2.587672974570811,0,0,0,True
181,2,8207.125,2.582997289971478,0,0,0,True
1131,1,4871.5,2.5495097567963922,0,0,0,True
480,1,3342.84375,2.5262295892297675,0,0,0,True
592,1,1318.475,2.5098555735340633,0,0,0,True
778,1,3445.78125,2.509162895768228,0,0,0,True
172,2,3446.0,2.5,0,0,0,True
1342,1;2,1093.5,2.5,0,0,0,True
1065,1,4417.34375,2.469936423776936,0,0,0,True
481,1,3175.4375,2.461421083439402,0,0,0,True
482,1,9793.71875,2.4524780197791785,0,0,0,True
940,1,5497.8387096774195,2.450763859770656,0,0,0,True
706,1,3480.46875,2.449290394685775,0,0,0,True
1032,1,1287.40625,2.447695025426983,0,0,0,True
604,1,3530.9024390243903,2.447546088644313,0,0,0,True
768,1,4624.125,2.4462982238476156,0,0,0,True
634,1,5485.5625,2.4358969087381346,0,0,0,True
928,1,1626.4375,2.4358969087381346,0,0,0,True
703,1,8113.375,2.433490291741473,0,0,0,True
954,1,1406.28125,2.4268597894192405,0,0,0,True
332,2,1374.375,2.4206145913796355,0,0,0,True
987,1,7564.21875,2.4204128650914085,0,0,0,True
400,2,6357.424242424242,2.3998775603907068,0,0,0,True
369,2,4341.4375,2.3840288903450815,0,0,0,True
1271,1,1315.3333333333333,2.3570226039551585,0,0,0,True
1140,1,2557.875,2.3551804601770967,0,0,0,True
361,2,2951.5757575757575,2.3488269545546787,0,0,0,True
889,1,9940.242424242424,2.3358899806790014,0,0,0,True
988,1;2,1484.090909090909,2.3141676475196102,0,0,0,True
559,1,3332.3125,2.297246993686138,0,0,0,True
54,2,1354.5806451612902,2.296901047602309,0,0,0,True
759,1,1872.179487179487,2.285649712622211,0,0,0,True
210,2,8963.375,2.2741756748325317,0,0,0,True
580,1,2423.40625,2.2619042723996965,0,0,0,True
813,1,6062.59375,2.2619042723996965,0,0,0,True
1006,1,2437.40625,2.2619042723996965,0,0,0,True
1016,1,3238.40625,2.2619042723996965,0,0,0,True
1070,1,2520.40625,2.2619042723996965,0,0,0,True
1111,1,2487.40625,2.2619042723996965,0,0,0,True
935,1,2253.34375,2.2584476831443316,0,0,0,True
64,2,4807.96875,2.2567174031101014,0,0,0,True
365,2,1293.1818181818182,2.2489667048823603,0,0,0,True
1062,1,3751.65625,2.2165482032881667,0,0,0,True
749,1,3401.4375,2.178553132241672,0,0,0,True
774,1,2368.4375,2.178553132241672,0,0,0,True
1017,1,1234.03125,2.172043608563143,0,0,0,True
1153,1,3839.96875,2.1137108216357317,0,0,0,True
45,2,3321.375,2.0879116360612584,0,0,0,True
344,2,3304.375,2.0879116360612584,0,0,0,True
701,1,1520.375,2.0879116360612584,0,0,0,True
1068,1,3887.375,2.0879116360612584,0,0,0,True
113,2,3491.71875,2.0801799050803274,0,0,0,True
624,1,1955.225,2.0553284409067083,0,0,0,True
913,1,3597.90625,2.0518189338974335,0,0,0,True
39,2,1707.96875,2.038448782162554,0,0,0,True
796,1,1427.6875,2.037730048362638,0,0,0,True
971,1,4732.9375,2.014595182660775,0,0,0,True
1003,1,1511.90625,2.005607373715005,0,0,0,True
1346,1,1011.0,2.0,0,0,0,True
511,1,4675.65625,1.96229099205495,0,0,0,True
1145,1,4224.3125,1.9595519258238603,0,0,0,True
1074,1,2041.46875,1.9200321449132043,0,0,0,True
93,2,1406.5625,1.919269066598011,0,0,0,True
380,2,2017.34375,1.91391899972282,0,0,0,True
803,1,1560.34375,1.91391899972282,0,0,0,True
1038,1,5595.65625,1.91391899972282,0,0,0,True
914,1,1238.21875,1.8995784894286416,0,0,0,True
1280,1,5070.333333333333,1.8856180831641267,0,0,0,True
237,2,1802.2333333333333,1.8740923729160799,0,0,0,True
857,1,1631.7096774193549,1.8698550640244438,0,0,0,True
786,1,6816.1875,1.8275239396516807,0,0,0,True
162,2,3044.78125,1.8154609435347266,0,0,0,True
447,2,1955.3,1.8101565309847287,0,0,0,True
242,2,4297.666666666667,1.7950549357115018,0,0,0,True
1184,2,2243.4285714285716,1.7880936529065323,0,0,0,True
939,1,3966.2903225806454,1.7815098414818162,0,0,0,True
456,1;2,3894.53125,1.767490717797409,0,0,0,True
71,2,1035.3225806451612,1.766846959694084,0,0,0,True
602,1,4959.90243902439,1.7642089092707438,0,0,0,True
531,1,2615.53125,1.7497209598961774,0,0,0,True
761,1,2600.375,1.7419457511644845,0,0,0,True
376,2,4820.3125,1.7399263633843818,0,0,0,True
727,1,8367.6875,1.7399263633843818,0,0,0,True
816,1,19612.15625,1.7340230498756353,0,0,0,True
1290,1;2,1238.0,1.7320508075688772,0,0,0,True
364,2,2704.3030303030305,1.7141982574219334,0,0,0,True
1097,1,10318.5625,1.6944302139657448,0,0,0,True
1100,1,2022.09375,1.6461958988832404,0,0,0,True
1078,1,5111.75,1.6393596310755,0,0,0,True
567,1,15678.625,1.5761900266148114,0,0,0,True
202,2,9967.65625,1.5733994843967631,0,0,0,True
150,2,1369.28125,1.5659337270459437,0,0,0,True
468,1,1792.71875,1.5659337270459437,0,0,0,True
621,1,7183.71875,1.5659337270459437,0,0,0,True
799,1,3509.28125,1.5659337270459437,0,0,0,True
938,1,1462.71875,1.5659337270459437,0,0,0,True
984,1,3357.28125,1.5659337270459437,0,0,0,True
1136,1,1567.28125,1.5659337270459437,0,0,0,True
1081,1,2709.84375,1.5634372189186236,0,0,0,True
100,2,1182.2424242424242,1.5575875485935025,0,0,0,True
363,2,1869.2727272727273,1.5427784316797402,0,0,0,True
947,1,5559.818181818182,1.5066427751098248,0,0,0,True
686,1,4496.78125,1.4944559001522928,0,0,0,True
740,1,2672.5625,1.4776988021921111,0,0,0,True
49,2,1529.6129032258063,1.4740206011349506,0,0,0,True
1000,1,1404.40625,1.4547202265384227,0,0,0,True
668,1,5681.75,1.4361406616345072,0,0,0,True
649,1,6880.757575757576,1.4361206801300346,0,0,0,True
1292,1,1232.0,1.4142135623730951,0,0,0,True
370,2,1443.4375,1.4128318194321643,0,0,0,True
680,1,3633.65625,1.4055553840030637,0,0,0,True
575,1,3857.25,1.3919410907075054,0,0,0,True
661,1,3355.25,1.3919410907075054,0,0,0,True
848,1,10988.25,1.3919410907075054,0,0,0,True
169,2,10017.46875,1.3689497571130944,0,0,0,True
74,2,1884.6774193548388,1.3292514695507434,0,0,0,True
1031,1,2106.5625,1.27322179921646,0,0,0,True
68,2,1197.0,1.270001270001905,0,0,0,True
589,1,1182.34375,1.2651426549998226,0,0,0,True
427,2,1805.3870967741937,1.2617811106843835,0,0,0,True
429,2,7029.225806451613,1.236792871785859,0,0,0,True
433,2,3276.1612903225805,1.2207024469951289,0,0,0,True
789,1,3335.21875,1.2179484543690673,0,0,0,True
830,1,3150.21875,1.2179484543690673,0,0,0,True
219,2,1762.7,1.2151817422372124,0,0,0,True
825,1,9902.90625,1.2082884330738253,0,0,0,True
700,1,9059.875,1.192424001771182,0,0,0,True
593,1,4523.75,1.1779218989389746,0,0,0,True
1129,1,3488.84375,1.1755151796127516,0,0,0,True
744,1,1657.0625,1.1709371246996996,0,0,0,True
312,1;2,1108.377049180328,1.1546617477337924,0,0,0,True
441,2,1342.1333333333334,1.1175369742826806,0,0,0,True
663,1,2303.40625,1.114096466873493,0,0,0,True
105,2,1015.71875,1.0964252995530521,0,0,0,True
184,2,1337.28125,1.0964252995530521,0,0,0,True
330,2,3811.032258064516,1.0920200567619844,0,0,0,True
335,2,1610.46875,1.089276566120836,0,0,0,True
160,2,1584.4375,1.0879309490955758,0,0,0,True
1266,1;2,1216.4615384615386,1.0824036368823298,0,0,0,True
615,1,8532.970588235294,1.0706043954824291,0,0,0,True
378,2,8422.78125,1.0528050329951886,0,0,0,True
458,1;2,2451.78125,1.0528050329951886,0,0,0,True
60,2,1128.8125,1.0439558180306292,0,0,0,True
170,2,1727.3125,1.0135796712641785,0,0,0,True
484,1,1405.4411764705883,1.0056071174869858,0,0,0,True
1019,1,1422.9375,0.998044963916957,0,0,0,True
505,1,5650.1875,0.982264602843857,0,0,0,True
821,1,3375.5,0.9682458365518543,0,0,0,True
711,1,1348.6875,0.9499177595981665,0,0,0,True
151,2,1690.46875,0.9348922063532245,0,0,0,True
321,2,4446.375,0.9270248108869579,0,0,0,True
959,1,3067.84375,0.8699631816921909,0,0,0,True
32,2,1763.4375,0.8267972847076845,0,0,0,True
1113,1,2955.0625,0.8267972847076845,0,0,0,True
175,2,7822.40625,0.7849910429425294,0,0,0,True
1150,1,3797.40625,0.7849910429425294,0,0,0,True
969,1,1900.625,0.7806247497997998,0,0,0,True
193,2,1544.28125,0.7597028613214512,0,0,0,True
764,1,1502.78125,0.7388494010960556,0,0,0,True
1083,1,3535.1875,0.7261843774138906,0,0,0,True
7,1;2,1238.8030303030303,0.7223634812763768,0,0,0,True
944,1,5868.129032258064,0.7067387838776338,0,0,0,True
606,1,1451.774193548387,0.7052648744863047,0,0,0,True
47,2,2083.125,0.6959705453537527,0,0,0,True
213,2,9024.875,0.6959705453537527,0,0,0,True
509,1,2586.125,0.6959705453537527,0,0,0,True
1102,1,3385.125,0.6959705453537527,0,0,0,True
792,1,1067.09375,0.6782042004440846,0,0,0,True
401,2,1787.5757575757575,0.6527472493496368,0,0,0,True
923,1,1732.625,0.649519052838329,0,0,0,True
201,2,14420.6875,0.6343057228182637,0,0,0,True
758,1,1461.2051282051282,0.6067774136512427,0,0,0,True
900,1,3485.59375,0.6051536478449089,0,0,0,True
590,1,1430.2,0.6,0,0,0,True
854,1,1045.3125,0.582961190818051,0,0,0,True
438,2,2728.1666666666665,0.582141639885766,0,0,0,True
654,1,1544.7692307692307,0.5756395979652218,0,0,0,True
836,1,3680.15625,0.5650981662507851,0,0,0,True
992,1,3811.15625,0.5650981662507851,0,0,0,True
601,1,4635.05,0.5454356057317857,0,0,0,True
240,2,1764.1,0.5385164807134505,0,0,0,True
670,1,4511.34375,0.5367363761661771,0,0,0,True
905,1,4404.34375,0.5367363761661771,0,0,0,True
70,2,1581.0967741935483,0.5300540879082252,0,0,0,True
714,1,1582.09375,0.5219779090153146,0,0,0,True
1011,1,3665.09375,0.5219779090153146,0,0,0,True
1103,1,2638.90625,0.5219779090153146,0,0,0,True
1115,1,1905.90625,0.5219779090153146,0,0,0,True
1149,1,22961.90625,0.5219779090153146,0,0,0,True
1258,1;2,1237.5,0.5,0,0,0,True
1282,1,1241.5,0.5,0,0,0,True
1321,2,7770.5,0.5,0,0,0,True
1322,1,1128.5,0.5,0,0,0,True
637,1,3020.46875,0.4990224819584785,0,0,0,True
640,1,2114.53125,0.4990224819584785,0,0,0,True
539,1,6341.5625,0.49607837082461076,0,0,0,True
50,2,4377.580645161291,0.4934535013154309,0,0,0,True
52,2,4442.419354838709,0.4934535013154309,0,0,0,True
153,2,2973.40625,0.4911323014219285,0,0,0,True
167,2,1835.40625,0.4911323014219285,0,0,0,True
189,2,10029.59375,0.4911323014219285,0,0,0,True
1325,2,1529.6,0.4898979485566356,0,0,0,True
20,2,1973.375,0.4841229182759271,0,0,0,True
30,2,1217.375,0.4841229182759271,0,0,0,True
103,2,3556.625,0.4841229182759271,0,0,0,True
452,1;2,1311.625,0.4841229182759271,0,0,0,True
824,1,1220.625,0.4841229182759271,0,0,0,True
896,1,5155.625,0.4841229182759271,0,0,0,True
903,1,2229.625,0.4841229182759271,0,0,0,True
1009,1,2480.625,0.4841229182759271,0,0,0,True
675,1,4359.21875,0.4831132760543846,0,0,0,True
223,2,1319.3666666666666,0.48189440982669873,0,0,0,True
61,2,1632.34375,0.47495887979908324,0,0,0,True
111,2,2601.65625,0.47495887979908324,0,0,0,True
717,1,4179.65625,0.47495887979908324,0,0,0,True
724,1,1556.34375,0.47495887979908324,0,0,0,True
316,2,1190.3333333333333,0.4714045207910317,0,0,0,True
678,1,1541.6666666666667,0.4714045207910317,0,0,0,True
1072,1,1048.6666666666667,0.4714045207910317,0,0,0,True
1276,1,2566.6666666666665,0.4714045207910317,0,0,0,True
1303,1,1130.6666666666667,0.4714045207910317,0,0,0,True
1305,1,1231.6666666666667,0.4714045207910317,0,0,0,True
83,2,1398.3225806451612,0.46746376600611084,0,0,0,True
339,2,1355.6875,0.46351240544347894,0,0,0,True
375,2,3781.3125,0.46351240544347894,0,0,0,True
382,2,1802.3125,0.46351240544347894,0,0,0,True
475,1,1800.3125,0.46351240544347894,0,0,0,True
623,1,2202.3125,0.46351240544347894,0,0,0,True
702,1,1827.6875,0.46351240544347894,0,0,0,True
704,1,2239.3125,0.46351240544347894,0,0,0,True
707,1,5103.6875,0.46351240544347894,0,0,0,True
820,1,1835.6875,0.46351240544347894,0,0,0,True
823,1,1413.3125,0.46351240544347894,0,0,0,True
895,1,1321.3125,0.46351240544347894,0,0,0,True
933,1,3243.1875,0.46351240544347894,0,0,0,True
1139,1,1380.6875,0.46351240544347894,0,0,0,True
1141,1,4543.6875,0.46351240544347894,0,0,0,True
1148,1,2677.3125,0.46351240544347894,0,0,0,True
488,1,1508.2903225806451,0.45391120256355766,0,0,0,True
322,2,1284.71875,0.4496092053105675,0,0,0,True
570,1,1660.28125,0.4496092053105675,0,0,0,True
962,1,2861.28125,0.4496092053105675,0,0,0,True
1133,1,1510.71875,0.4496092053105675,0,0,0,True
368,2,1598.7241379310344,0.44694763437295587,0,0,0,True
350,2,1657.7272727272727,0.44536177141512334,0,0,0,True
357,2,1522.7272727272727,0.44536177141512334,0,0,0,True
351,2,2088.2727272727275,0.4453617714151233,0,0,0,True
354,2,3011.2727272727275,0.4453617714151233,0,0,0,True
1030,1,1152.2666666666667,0.44221663871405326,0,0,0,True
525,1,1275.84375,0.4408354993645589,0,0,0,True
1110,1,3666.84375,0.4408354993645589,0,0,0,True
574,1,2685.75,0.4330127018922193,0,0,0,True
673,1,2699.75,0.4330127018922193,0,0,0,True
957,1,1170.25,0.4330127018922193,0,0,0,True
1035,1,3271.75,0.4330127018922193,0,0,0,True
349,2,2530.757575757576,0.42854956435548325,0,0,0,True
598,1,3776.15,0.42130748865881795,0,0,0,True
504,1,1876.78125,0.41339864235384227,0,0,0,True
533,1,3993.78125,0.41339864235384227,0,0,0,True
798,1,1277.21875,0.41339864235384227,0,0,0,True
972,1,3172.78125,0.41339864235384227,0,0,0,True
980,1,7088.21875,0.41339864235384227,0,0,0,True
1060,1,2529.78125,0.41339864235384227,0,0,0,True
1077,1,2981.78125,0.41339864235384227,0,0,0,True
1080,1,2349.78125,0.41339864235384227,0,0,0,True
1082,1,1865.78125,0.41339864235384227,0,0,0,True
1090,1,1937.21875,0.41339864235384227,0,0,0,True
1093,1,2811.78125,0.41339864235384227,0,0,0,True
1116,1,4038.78125,0.41339864235384227,0,0,0,True
1120,1,1448.78125,0.41339864235384227,0,0,0,True
1334,1,1235.2,0.4,0,0,0,True
419,2,2658.8064516129034,0.39507899077148034,0,0,0,True
1061,1,1888.1875,0.3903123748998999,0,0,0,True
171,2,2460.064516129032,0.3533693919388169,0,0,0,True
58,2,1883.0625,0.34798527267687634,0,0,0,True
117,2,1809.0625,0.34798527267687634,0,0,0,True
145,2,8338.0625,0.34798527267687634,0,0,0,True
183,2,3748.0625,0.34798527267687634,0,0,0,True
1008,1,3615.0625,0.34798527267687634,0,0,0,True
1010,1,2357.9375,0.34798527267687634,0,0,0,True
1021,1,8484.9375,0.34798527267687634,0,0,0,True
1027,1,3526.0625,0.34798527267687634,0,0,0,True
1058,1,1148.0625,0.34798527267687634,0,0,0,True
1075,1,1076.0625,0.34798527267687634,0,0,0,True
337,2,1334.125,0.33071891388307384,0,0,0,True
755,1,5383.90625,0.2914805954090255,0,0,0,True
856,1,2294.09375,0.2914805954090255,0,0,0,True
516,1,2072.9375,0.24206145913796356,0,0,0,True
867,1,4951.9375,0.24206145913796356,0,0,0,True
961,1,4310.9375,0.24206145913796356,0,0,0,True
72,2,1934.032258064516,0.17668469596940847,0,0,0,True
27,2,2480.96875,0.17399263633843817,0,0,0,True
59,2,1667.03125,0.17399263633843817,0,0,0,True
179,2,1804.96875,0.17399263633843817,0,0,0,True
508,1,1665.96875,0.17399263633843817,0,0,0,True
527,1,1442.96875,0.17399263633843817,0,0,0,True
538,1,8403.03125,0.17399263633843817,0,0,0,True
577,1,7119.03125,0.17399263633843817,0,0,0,True
618,1,16536.03125,0.17399263633843817,0,0,0,True
632,1,8613.03125,0.17399263633843817,0,0,0,True
639,1,5562.96875,0.17399263633843817,0,0,0,True
669,1,10501.96875,0.17399263633843817,0,0,0,True
679,1,2836.03125,0.17399263633843817,0,0,0,True
691,1,4718.03125,0.17399263633843817,0,0,0,True
777,1,4144.96875,0.17399263633843817,0,0,0,True
817,1,1924.96875,0.17399263633843817,0,0,0,True
844,1,4050.03125,0.17399263633843817,0,0,0,True
910,1,1486.96875,0.17399263633843817,0,0,0,True
936,1,2653.96875,0.17399263633843817,0,0,0,True
963,1,3844.03125,0.17399263633843817,0,0,0,True
1117,1,1105.96875,0.17399263633843817,0,0,0,True
403,2,9223.030303030304,0.17141982574219333,0,0,0,True
881,1,1385.9705882352941,0.1689577248981773,0,0,0,True
328,1;2,1410.015625,0.12401959270615269,0,0,0,True
11,2,4662.0,0.0,0,0,0,True
12,2,1106.0,0.0,0,0,0,True
15,2,1442.0,0.0,0,0,0,True
16,2,3267.0,0.0,0,0,0,True
19,2,2285.0,0.0,0,0,0,True
28,2,1329.0,0.0,0,0,0,True
36,2,1398.0,0.0,0,0,0,True
48,2,1051.0,0.0,0,0,0,True
56,2,2491.0,0.0,0,0,0,True
78,2,1960.0,0.0,0,0,0,True
86,2,1837.0,0.0,0,0,0,True
91,2,2094.0,0.0,0,0,0,True
109,2,2483.0,0.0,0,0,0,True
119,2,2668.0,0.0,0,0,0,True
146,2,1257.0,0.0,0,0,0,True
148,2,1637.0,0.0,0,0,0,True
149,2,7611.0,0.0,0,0,0,True
166,2,1573.0,0.0,0,0,0,True
180,2,5948.0,0.0,0,0,0,True
188,2,2623.0,0.0,0,0,0,True
221,2,1164.0,0.0,0,0,0,True
326,2,1052.0,0.0,0,0,0,True
353,2,1295.0,0.0,0,0,0,True
356,2,1016.0,0.0,0,0,0,True
367,2,1222.0,0.0,0,0,0,True
372,2,1961.0,0.0,0,0,0,True
373,2,1309.0,0.0,0,0,0,True
381,2,1677.0,0.0,0,0,0,True
384,2,1735.0,0.0,0,0,0,True
386,2,1230.0,0.0,0,0,0,True
398,2,1418.0,0.0,0,0,0,True
453,1;2,1246.0,0.0,0,0,0,True
470,1,1869.0,0.0,0,0,0,True
472,1,1959.0,0.0,0,0,0,True
519,1,2791.0,0.0,0,0,0,True
561,1,4099.0,0.0,0,0,0,True
562,1,3882.0,0.0,0,0,0,True
564,1,7078.0,0.0,0,0,0,True
565,1,1052.0,0.0,0,0,0,True
573,1,2365.0,0.0,0,0,0,True
579,1,1327.0,0.0,0,0,0,True
594,1,1059.0,0.0,0,0,0,True
595,1,3938.0,0.0,0,0,0,True
596,1,1676.0,0.0,0,0,0,True
599,1,1861.0,0.0,0,0,0,True
600,1,3032.0,0.0,0,0,0,True
609,1,3997.0,0.0,0,0,0,True
613,1,4439.0,0.0,0,0,0,True
619,1,1099.0,0.0,0,0,0,True
622,1,2800.0,0.0,0,0,0,True
626,1,1065.0,0.0,0,0,0,True
631,1,4071.0,0.0,0,0,0,True
642,1,1513.0,0.0,0,0,0,True
657,1,5398.0,0.0,0,0,0,True
660,1,4977.0,0.0,0,0,0,True
666,1,5775.0,0.0,0,0,0,True
667,1,1604.0,0.0,0,0,0,True
683,1,1077.0,0.0,0,0,0,True
690,1,1786.0,0.0,0,0,0,True
710,1,1629.0,0.0,0,0,0,True
713,1,1090.0,0.0,0,0,0,True
718,1,1616.0,0.0,0,0,0,True
729,1,1558.0,0.0,0,0,0,True
731,1,2983.0,0.0,0,0,0,True
733,1,1995.0,0.0,0,0,0,True
746,1,2309.0,0.0,0,0,0,True
747,1,1023.0,0.0,0,0,0,True
753,1,1710.0,0.0,0,0,0,True
754,1,5129.0,0.0,0,0,0,True
771,1,1059.0,0.0,0,0,0,True
779,1,1089.0,0.0,0,0,0,True
784,1,1819.0,0.0,0,0,0,True
791,1,1221.0,0.0,0,0,0,True
795,1,1760.0,0.0,0,0,0,True
797,1,3658.0,0.0,0,0,0,True
801,1,2386.0,0.0,0,0,0,True
802,1,1717.0,0.0,0,0,0,True
804,1,4507.0,0.0,0,0,0,True
812,1,1874.0,0.0,0,0,0,True
826,1,3428.0,0.0,0,0,0,True
831,1,2156.0,0.0,0,0,0,True
833,1,1654.0,0.0,0,0,0,True
845,1,1083.0,0.0,0,0,0,True
850,1,1631.0,0.0,0,0,0,True
863,1,1574.0,0.0,0,0,0,True
870,1,2892.0,0.0,0,0,0,True
873,1,1616.0,0.0,0,0,0,True
886,1,2633.0,0.0,0,0,0,True
887,1,1597.0,0.0,0,0,0,True
904,1,3523.0,0.0,0,0,0,True
929,1,1823.0,0.0,0,0,0,True
930,1,1014.0,0.0,0,0,0,True
931,1,1396.0,0.0,0,0,0,True
942,1,1674.0,0.0,0,0,0,True
943,1,1871.0,0.0,0,0,0,True
950,1,1096.0,0.0,0,0,0,True
958,1,1539.0,0.0,0,0,0,True
960,1,2992.0,0.0,0,0,0,True
964,1,3717.0,0.0,0,0,0,True
977,1,4852.0,0.0,0,0,0,True
985,1,1786.0,0.0,0,0,0,True
1018,1,1015.0,0.0,0,0,0,True
1022,1,2151.0,0.0,0,0,0,True
1024,1,1268.0,0.0,0,0,0,True
1039,1,1861.0,0.0,0,0,0,True
1040,1,1220.0,0.0,0,0,0,True
1056,1,1235.0,0.0,0,0,0,True
1073,1,3501.0,0.0,0,0,0,True
1076,1,1803.0,0.0,0,0,0,True
1086,1,1180.0,0.0,0,0,0,True
1089,1,2559.0,0.0,0,0,0,True
1101,1,5959.0,0.0,0,0,0,True
1108,1,1650.0,0.0,0,0,0,True
1109,1,2681.0,0.0,0,0,0,True
1125,1,1908.0,0.0,0,0,0,True
1147,1,1179.0,0.0,0,0,0,True
1156,2,1196.0,0.0,0,0,0,True
1157,2,1019.0,0.0,0,0,0,True
1180,2,1238.0,0.0,0,0,0,True
1186,2,1276.0,0.0,0,0,0,True
1214,2,1233.0,0.0,0,0,0,True
1230,1;2,1524.0,0.0,0,0,0,True
1257,1,1561.0,0.0,0,0,0,True
1263,1,1309.0,0.0,0,0,0,True
1272,1,1078.0,0.0,0,0,0,True
1281,1,4652.0,0.0,0,0,0,True
1283,2,2204.0,0.0,0,0,0,True
1284,2,1945.0,0.0,0,0,0,True
1285,2,1646.0,0.0,0,0,0,True
1295,1,1208.0,0.0,0,0,0,True
1297,2,1255.0,0.0,0,0,0,True
1302,2,1578.0,0.0,0,0,0,True
1304,1,1209.0,0.0,0,0,0,True
1307,1,1510.0,0.0,0,0,0,True
1309,1,1220.0,0.0,0,0,0,True
1310,1,1019.0,0.0,0,0,0,True
1311,1,1234.0,0.0,0,0,0,True
1312,1,1338.0,0.0,0,0,0,True
1314,1,1588.0,0.0,0,0,0,True
1315,1,1572.0,0.0,0,0,0,True
1316,1,1264.0,0.0,0,0,0,True
1317,1,1237.0,0.0,0,0,0,True
1330,1;2,1531.0,0.0,0,0,0,True
1333,1,1597.0,0.0,0,0,0,True
1335,1,1223.0,0.0,0,0,0,True
1336,1,1209.0,0.0,0,0,0,True
1337,1,1233.0,0.0,0,0,0,True
1338,1,1211.0,0.0,0,0,0,True
1343,1,1560.0,0.0,0,0,0,True
1344,1,1221.0,0.0,0,0,0,True
1347,1,1026.0,0.0,0,0,0,True
